,Subject,Provider,Image,Courses,Jobs
0,Statistics Probability,Khan Academy,https://cdn.kastatic.org/genfiles/topic-icons/icons/random_variables.png-9a60cf-128c.png,"0,1,2,3,4,5,6,7,8,9,10,11,12,13,14,15",120
1,Probability,Khan Academy,https://cdn.kastatic.org/genfiles/topic-icons/icons/probability.png-0e7373-128c.png,"16,17,18,19,20","70,120,167"
2,Multivariable Calculus,Khan Academy,https://cdn.kastatic.org/genfiles/topic-icons/icons/multivariable_calculus.png-ac2283-128c.png,"21,22,23,24,25",
3,Differential Equations,Khan Academy,https://cdn.kastatic.org/genfiles/topic-icons/icons/first_order_diff_equations.png-09c1fe-128c.png,"26,27,28",
4,Linear Algebra,Khan Academy,https://cdn.kastatic.org/genfiles/topic-icons/icons/linear_algebra.png-341940-128c.png,"29,30,31",
5,Physics,Khan Academy,https://cdn.kastatic.org/genfiles/topic-icons/icons/light_waves.png-259787-128c.png,"32,33,34,35,36,37,38,39,40,41,42,43,44,45,46,47,48,49,50,51","74,107,148,165,189,203,210"
6,Chemistry,Khan Academy,https://cdn.kastatic.org/genfiles/topic-icons/icons/atom.png-e81d05-128c.png,"52,53,54,55,56,57,58,59,60,61,62,63,64,65,66,67,68",
7,Organic Chemistry,Khan Academy,https://cdn.kastatic.org/genfiles/topic-icons/icons/alcohols_ethers_epoxides_sulfides.png-02974e-128c.png,"69,70,71,72,73,74,75,76,77,78,79,80,81",
8,Biology,Khan Academy,https://cdn.kastatic.org/genfiles/topic-icons/icons/biology.png-8fe25b-128c.png,"82,83,84,85,86,87,88,89,90,91,92,93,94,95,96,97,98,99,100,101,102,103,104,105,106,107,108,109,110,111",210
9,High School Biology,Khan Academy,https://cdn.kastatic.org/genfiles/topic-icons/icons/science.png-3b6492-128c.png,"112,113,114,115,116,117",
10,Cosmology And Astronomy,Khan Academy,https://cdn.kastatic.org/genfiles/topic-icons/icons/earth_history.jpg-a98879-128c.jpeg,"118,119,120,121",
11,Electrical Engineering,Khan Academy,https://cdn.kastatic.org/genfiles/topic-icons/icons/electrical_engineering.png-da92ce-128c.png,"122,123,124,125,126,127,128,129,130",208
12,Macroeconomics,Khan Academy,https://cdn.kastatic.org/genfiles/topic-icons/icons/aggregate_demand_supply.png-d218ed-128c.png,"131,132,133,134,135,136",
13,Microeconomics,Khan Academy,https://cdn.kastatic.org/genfiles/topic-icons/icons/consumer_producer_surplus.png-e0a6bf-128c.png,"137,138,139,140,141,142,143",
14,Core Finance,Khan Academy,https://cdn.kastatic.org/genfiles/topic-icons/icons/accounting.png-2cfd73-128c.png,"144,145,146,147,148,149,150,151,152,153","115,156"
15,Us History,Khan Academy,https://cdn.kastatic.org/genfiles/topic-icons/icons/american_civics.jpg-ca5a0f-128c.jpeg,"154,155,156,157,158,159,160,161,162,163,164,165",
16,World History,Khan Academy,https://cdn.kastatic.org/genfiles/topic-icons/icons/ancient_medieval.jpg-aae6c3-128c.jpeg,"166,167,168,169,170,171","101,102"
17,Art History,Khan Academy,https://cdn.kastatic.org/genfiles/topic-icons/icons/ancient_art_civilizations.jpg-3a6d36-128c.jpeg,"172,173,174,175,176,177,178,179,180,181,182,183,184,185,186,187",
18,Grammar,Khan Academy,https://cdn.kastatic.org/genfiles/topic-icons/icons/grammar.jpg-13dd1a-128c.jpeg,"188,189,190,191,192,193,194,195,196,197,198",116
19,Music,Khan Academy,https://cdn.kastatic.org/genfiles/topic-icons/icons/instruments_of_the_orchestra.jpg-444171-128c.jpeg,"199,200,201",25
20,Computer Programming,Khan Academy,https://cdn.kastatic.org/genfiles/topic-icons/icons/markup.png-8a1e75-128c.png,"202,203,204,205,206,207,208,209","68,71,78,95,101,102,105,107,111,112,114,134,143,148,154,155,165,167,170,182,189,195,202,203,205,207,209,210"
21,Computer Science,Khan Academy,https://cdn.kastatic.org/genfiles/topic-icons/icons/information_theory.png-60d575-128c.png,"210,211,212,213,214","11,31,41,47,49,57,59,63,68,71,78,81,82,85,95,98,99,101,102,105,107,108,111,112,114,126,134,143,144,148,149,151,154,155,162,163,164,170,182,189,195,199,200,202,203,205,207,208,209,210"
22,Web Development,Udemy,https://udemy-images.udemy.com/course/125_H/1563268_6bc6.jpg,"215,216,217,219,224,229,230,233,237,240,241,259,263,265,269,272,273,277,281,282,286,295,302,305,306,310,320,322,326,330,338,340,348,355,358,359,361,365,373,380,390,396,399,408,413,417,418,421,427,430,438,449,450,460,474,480,485,490,497,502,544,546,554,561,568,570,590,593,608,611,618,641,647,691,716,723,726,736,755,756,771,773,774,784,816,829,848,865,869,878,881,884,913,915,918,922,926,950,954,957,968,976,977,986,993,1036,1037,1050,1054,1058,1085,1086,1090,1098,1102,1103,1112,1119,1131,1138,1143,1146,1168,1170,1172,1174,1183,1202,1203,1206,1207,1227,1229,1235,1247,1263,1277,1283,1284,1295,1315,1319,1328,1362,1363,1367,1372,1379,1384,1388,1406,1409,1414,1418,1439,1441,1462,1491,1553,1560,1561,1581,1583,1594,1617,1630,1631,1634,1644,1648,1690,1693,1695,1697,1721,1725,1733,1746,1749,1771,1777,1798,1819,1825,1830,1834,1852,1859,1877,1881,1886,1889,1921,1928,1929,1937,1938,1939,1946,1954,1961,1969,1983,1987,1994,2026,2027,2029,2048,2051,2063,2064,2083,2094,2105,2108,2119,2132,2136,2137,2155,2157,2159,2170,2174,2175,2176,2183,2200,2204,2206,2209,2211,2234,2235,2238,2248,2255,2256,2264,2285,2299,2304,2312,2346,2349,2356,2366,2367,2386,2391,2399,2413,2415,2417,2449,2465,2470,2472,2488,2489,2512,2517,2522,2528,2530,2532,2545,2549,2553,2554,2582,2592,2617,2628,2629,2635,2641,2646,2658,2661,2663,2667,2690,2714,2715,2721,2726,2733,2734,2742,2746,2763","18,20,33,41,43,52,55,63,64,65,68,69,72,73,77,79,81,88,89,90,92,93,95,97,98,99,102,103,104,106,108,109,111,114,115,116,119,124,125,126,130,131,132,134,136,139,140,141,143,146,149,151,152,156,157,158,159,160,165,167,168,169,170,172,177,178,179,180,181,182,183,184,186,187,188,193,194,195,198,200,205,206"
23,Other,Udemy,https://udemy-images.udemy.com/course/125_H/1486896_e870.jpg,"218,317,366,401,456,488,525,549,596,598,661,679,696,734,786,792,793,805,807,815,840,879,896,1003,1011,1019,1026,1057,1069,1114,1117,1149,1158,1175,1194,1200,1223,1237,1239,1243,1245,1250,1261,1303,1397,1422,1445,1469,1484,1522,1526,1529,1534,1538,1548,1556,1557,1572,1579,1585,1588,1606,1610,1637,1654,1677,1684,1700,1708,1727,1734,1737,1802,1813,1848,1855,1885,1908,1917,1933,1956,1957,1965,2000,2001,2013,2053,2140,2144,2151,2334,2358,2388,2428,2454,2455,2474,2510,2538,2560,2566,2579,2583,2606,2624,2626,2696,2723,2739","1,2,3,7,9,10,11,12,15,17,19,22,23,24,26,27,28,29,30,32,33,34,35,36,38,40,41,42,43,44,45,46,48,50,52,54,55,56,57,58,59,60,61,64,68,69,70,71,73,75,78,79,83,87,90,93,95,97,100,101,102,104,105,106,107,109,110,111,112,114,115,117,123,127,128,133,134,135,136,138,139,140,143,147,148,152,153,154,155,156,159,165,167,168,169,170,172,177,178,181,182,185,186,189,190,195,202,203,205,206,207,209,210"
24,Programming Languages,Udemy,https://udemy-images.udemy.com/course/125_H/326074_939d_2.jpg,"220,221,231,234,260,294,309,342,372,387,395,397,409,411,443,463,476,487,503,513,516,517,534,535,539,547,555,563,565,574,606,620,632,634,638,663,669,675,692,698,719,720,722,738,739,748,765,768,777,809,811,824,837,847,856,880,892,908,914,916,932,934,952,973,979,985,987,998,1016,1046,1068,1091,1154,1180,1182,1198,1221,1225,1271,1273,1289,1320,1342,1358,1376,1446,1448,1464,1465,1476,1508,1510,1515,1517,1523,1530,1540,1546,1550,1551,1552,1584,1608,1626,1640,1641,1643,1673,1752,1763,1790,1806,1816,1817,1836,1847,1856,1858,1880,1907,1910,1926,1934,1949,1951,1968,1974,1982,1989,2003,2028,2077,2101,2114,2120,2127,2154,2167,2181,2202,2229,2265,2268,2278,2287,2307,2310,2319,2323,2352,2357,2404,2411,2425,2486,2504,2511,2516,2519,2520,2555,2557,2561,2604,2613,2645,2647,2675,2680,2681,2685,2687,2698,2700,2704,2713,2716,2745,2748,2750,2755","64,68,70,75,79,83,90,93,100,102,105,114,115,117,135,138,147,148,156,159,165,167,169,177,178,182,185,186,189,202,205,207,209,210"
25,Personal Transformation,Udemy,https://udemy-images.udemy.com/course/125_H/1454586_b712.jpg,"222,225,288,321,367,402,504,507,510,541,572,575,610,613,664,672,674,710,778,821,827,876,995,1001,1052,1077,1122,1176,1178,1219,1279,1287,1290,1369,1378,1393,1427,1558,1576,1831,1846,1900,1986,1995,2103,2280,2336,2401,2414,2420,2440,2543,2586,2711,2727","68,130"
26,Personal Finance,Udemy,https://udemy-images.udemy.com/course/125_H/1327966_e585_8.jpg,"223,363,484,779,801,826,936,1089,1447,1492,1500,1563,1739,2097,2308,2402,2596","115,145,156,167"
27,Data & Analytics,Udemy,https://udemy-images.udemy.com/course/125_H/1533864_a443.jpg,"226,232,239,244,245,257,270,275,276,278,283,285,299,304,319,328,329,331,334,344,357,379,381,382,383,392,419,420,437,454,455,457,459,472,473,483,489,494,529,552,573,586,591,619,643,673,677,701,729,750,770,814,817,911,942,1027,1111,1128,1171,1190,1317,1332,1410,1424,1429,1460,1463,1466,1488,1496,1516,1532,1646,1795,1809,1870,1947,2021,2050,2273,2473,2506,2508,2518,2527,2591,2610","2,3,4,6,9,11,12,13,14,24,26,30,31,34,40,43,46,47,48,49,52,55,56,57,58,60,62,63,65,66,67,68,72,75,79,82,90,91,93,94,98,99,102,103,107,108,110,111,112,113,114,115,118,120,124,131,136,137,138,140,141,142,143,148,150,152,153,154,156,161,164,165,169,172,173,174,175,176,177,178,182,183,184,186,187,188,189,195,197,203,205,207,208,209,210"
28,Memory & Study Skills,Udemy,https://udemy-images.udemy.com/course/125_H/1330590_3cb3.jpg,"227,407,781,862,927,1020,1334,1352,1421,1454,1470,1509,1669,1686,1941,2039,2257,2339,2456,2497","102,110,123,127,143"
29,Home Business,Udemy,https://udemy-images.udemy.com/course/125_H/1218414_116e_3.jpg,"228,360,599,615,670,699,751,818,946,1076,1215,1224,1232,1244,1254,1299,1311,1402,1535,1589,1614,1723,1740,1785,1879,1890,1909,2096,2115,2217,2222,2246,2298,2335,2370,2451,2460,2540,2542,2574,2599,2657,2719,2730,2757,2764","73,97,111,118,125,128,130,148,167,198"
30,Operating Systems,Udemy,https://udemy-images.udemy.com/course/125_H/1468236_503a.jpg,"235,368,384,458,578,628,693,700,712,744,761,841,842,1157,1195,1318,1337,1472,1603,1605,1761,1803,1894,1980,2002,2046,2122,2252,2271,2317,2478,2529,2567,2578,2633,2639,2654,2666,2671,2738","29,64,70,85,98,103,110,111,115,120,124,132,133,143,147,148,151,152,153,156,160,165,173,187,189,194,199,207,208"
31,Mobile Apps,Udemy,https://udemy-images.udemy.com/course/125_H/1512578_b4eb_2.jpg,"236,261,297,298,336,403,435,445,479,482,509,528,532,550,567,569,609,623,629,630,633,648,651,668,694,695,705,764,845,863,890,929,965,983,996,999,1038,1072,1092,1169,1184,1187,1191,1201,1262,1288,1309,1355,1356,1386,1404,1415,1432,1461,1468,1471,1542,1575,1691,1715,1748,1765,1801,1837,1876,1898,1901,1924,1943,2006,2017,2166,2210,2240,2261,2338,2416,2426,2463,2585,2588,2614,2623,2651,2656,2669,2683,2686,2699","2,24,33,34,44,60,63,77,104,105,106,111,124,140,153,159,160,163,167,168,184,194,195,200,202"
32,Finance,Udemy,https://udemy-images.udemy.com/course/125_H/1563408_2859.jpg,"238,249,271,325,337,347,364,370,388,391,462,478,481,530,584,585,626,685,690,718,721,732,747,795,796,808,832,849,923,1059,1066,1075,1106,1110,1144,1150,1189,1197,1375,1390,1413,1440,1442,1483,1519,1521,1531,1549,1562,1595,1613,1661,1667,1704,1714,1773,1775,1804,1805,1812,1826,1838,1883,1902,1903,1906,2018,2022,2073,2116,2168,2186,2188,2192,2232,2237,2343,2368,2395,2496,2507","43,52,115,145,153,156,167,199"
33,Network & Security,Udemy,https://udemy-images.udemy.com/course/125_H/1563128_c2a2_4.jpg,"242,290,314,315,327,346,350,375,428,429,441,442,501,518,571,639,646,671,686,697,800,819,833,834,910,935,951,955,964,1014,1015,1023,1048,1130,1208,1210,1222,1253,1269,1305,1306,1313,1338,1370,1403,1458,1498,1514,1539,1545,1593,1601,1609,1616,1628,1642,1660,1680,1712,1713,1754,1824,1845,1887,1923,1992,2042,2062,2145,2149,2171,2196,2199,2205,2242,2254,2275,2277,2318,2354,2384,2385,2443,2452,2477,2525,2565,2568,2622,2644,2655,2701,2712,2743","0,3,4,5,13,22,27,65,74,79,80,83,91,102,103,112,113,116,117,132,137,143,145,160,162,165,170,173,186,194,199,202,207"
34,IT Certification,Udemy,https://udemy-images.udemy.com/course/125_H/1203374_6d6f_3.jpg,"243,247,256,258,279,293,296,312,323,353,362,415,426,440,444,495,496,524,536,557,589,602,603,614,627,635,656,706,769,787,789,813,828,850,854,858,906,909,937,969,975,992,1042,1080,1081,1147,1155,1186,1205,1238,1258,1267,1270,1294,1325,1331,1347,1351,1373,1396,1425,1459,1474,1490,1499,1502,1503,1565,1569,1580,1591,1612,1636,1647,1657,1658,1671,1674,1689,1709,1722,1753,1820,1893,1896,1972,1990,2008,2009,2016,2043,2045,2057,2071,2075,2082,2138,2169,2201,2250,2286,2322,2340,2376,2494,2526,2581,2642,2650,2673,2702,2708","88,130,132,165,182,200"
35,Math & Science,Udemy,https://udemy-images.udemy.com/course/125_H/1467136_f470_3.jpg,"246,349,404,588,924,947,1070,1133,1387,1452,1607,1741,1783,1841,2079,2131,2315,2501,2740","2,6,17,123"
36,Microsoft,Udemy,https://udemy-images.udemy.com/course/125_H/1228504_54fb.jpg,"248,264,311,316,318,339,341,343,465,537,612,650,652,653,655,711,745,753,838,873,994,1030,1084,1101,1151,1153,1177,1213,1241,1297,1300,1381,1392,1479,1541,1653,1681,1735,1844,1861,1863,1955,1964,2078,2112,2141,2143,2220,2236,2249,2293,2341,2351,2363,2409,2427,2431,2442,2464,2523,2595,2607,2618,2649,2735,2749,2765,2769","11,23,49,59,86,94,138,151,161,181,192"
37,Project Management,Udemy,https://udemy-images.udemy.com/course/125_H/1506414_0cdd_3.jpg,"250,422,486,506,514,521,531,780,812,1018,1099,1160,1173,1199,1268,1281,1335,1621,1720,1724,1729,1789,1799,2004,2025,2247,2330,2636,2737","11,14,21,30,35,36,64,68,74,77,81,82,90,93,98,99,100,107,108,109,110,111,112,113,114,115,117,120,124,128,130,131,133,134,135,137,138,143,151,154,155,156,160,169,172,174,177,181,187,194,195,197,208,210"
38,Entrepreneurship,Udemy,https://udemy-images.udemy.com/course/125_H/1396808_a8f7_6.jpg,"251,253,289,291,300,410,464,470,538,576,631,735,743,766,772,803,855,888,920,1017,1051,1071,1079,1083,1096,1104,1164,1165,1185,1193,1211,1248,1257,1339,1340,1371,1385,1398,1433,1437,1486,1573,1587,1599,1652,1662,1672,1699,1732,1751,1759,1778,1796,1797,1808,1818,1829,1833,1866,1873,1891,1892,1897,1945,1979,1993,2007,2088,2128,2156,2184,2187,2216,2218,2239,2266,2284,2295,2306,2313,2331,2359,2500,2541,2551,2559,2587,2608,2664,2729",67
39,Databases,Udemy,https://udemy-images.udemy.com/course/125_H/1340610_d75d.jpg,"252,262,274,308,582,912,960,1006,1025,1033,1035,1136,1276,1301,1368,1412,1453,1528,1564,1627,1665,1675,1811,2099,2117,2259,2377,2546,2573,2603","31,34,63,64,65,68,77,78,81,86,93,99,102,103,109,110,111,113,114,117,120,121,124,131,134,136,138,143,145,146,150,151,153,159,165,169,170,172,175,182,187,193,204,206,208,210"
40,Software Testing,Udemy,https://udemy-images.udemy.com/course/125_H/1485842_190a_3.jpg,"254,307,466,649,662,746,763,860,861,921,1044,1082,1330,1380,1428,1544,1864,1944,2012,2282,2398,2612,2697","31,63,64,68,69,70,71,72,73,78,81,97,98,99,104,105,106,107,108,109,110,111,113,114,115,116,124,125,128,130,131,134,135,136,139,140,143,145,149,151,152,153,155,156,159,160,164,165,168,169,173,174,180,181,182,183,187,188,192,194,195,198,202,204,205,207,210"
41,Development Tools,Udemy,https://udemy-images.udemy.com/course/125_H/1362988_fca5.jpg,"255,324,345,352,493,500,624,657,658,727,757,759,898,961,972,1012,1021,1041,1064,1067,1132,1135,1228,1622,1664,1768,1932,2074,2347,2387,2424,2458,2710","53,64,65,72,73,75,77,79,80,81,83,85,89,97,99,103,105,107,108,109,110,111,112,115,116,119,124,125,126,128,130,131,133,141,142,143,145,146,147,149,151,152,154,156,159,160,163,165,169,173,174,183,185,186,187,189,191,192,194,195,197,198,199,200,201,206,207,208,209,210"
42,Meditation,Udemy,https://udemy-images.udemy.com/course/125_H/1253772_8786.jpg,"266,704,897,1726,1895,2069,2296,2325,2682",
43,Communications,Udemy,https://udemy-images.udemy.com/course/125_H/1475624_8f61_3.jpg,"267,303,374,393,423,642,660,806,835,1013,1034,1074,1230,1256,1345,1436,1473,1586,1698,1788,1862,1950,1967,2059,2070,2109,2195,2324,2344,2418,2531,2611,2652,2679,2692","10,19,23,27,28,32,63,64,66,68,69,72,75,76,77,81,82,84,85,86,88,89,90,93,94,95,100,104,107,111,116,117,122,128,133,136,138,139,141,145,148,151,152,153,154,155,161,164,165,166,172,175,177,178,180,181,182,183,185,187,193,195,196,197,200,202,203,204,206,208"
44,Web Design,Udemy,https://udemy-images.udemy.com/course/125_H/1475836_b37f_2.jpg,"268,301,471,548,601,605,737,864,940,1359,1489,1632,1650,1679,1719,1850,1931,1958,2066,2100,2185,2208,2283,2288,2290,2320,2326,2353,2375,2389,2492,2495,2575,2576,2590,2597,2600,2609,2621,2668,2695,2706,2741","9,45,60,63,65,66,68,69,72,73,77,79,81,88,89,90,93,95,97,98,99,103,106,108,111,115,116,119,124,125,130,132,134,136,139,140,141,143,146,149,151,152,156,158,159,160,165,168,169,170,172,177,178,179,180,181,182,183,184,186,187,188,193,194,195,198,200,205,206"
45,Software Engineering,Udemy,https://udemy-images.udemy.com/course/125_H/1544802_4d4b.jpg,"280,369,376,378,394,425,469,579,616,654,709,730,810,844,867,930,953,974,989,1053,1095,1121,1124,1246,1251,1278,1298,1346,1518,1543,1703,1757,1839,1867,1960,1976,2037,2107,2148,2223,2303,2355,2405,2444,2616,2707,2761,2770","63,64,68,71,72,78,80,81,83,85,86,89,90,91,92,95,96,98,101,104,105,106,108,109,110,112,114,115,116,118,119,120,121,124,126,128,129,130,131,133,134,135,136,140,142,145,146,149,151,152,153,155,156,159,160,162,165,168,173,174,175,176,177,180,181,182,183,185,187,188,191,192,193,194,195,197,200,204,205,207,208,209,210"
46,Sports,Udemy,https://udemy-images.udemy.com/course/125_H/1041352_c116.jpg,284,"26,90,100,117,177"
47,Social Media Marketing,Udemy,https://udemy-images.udemy.com/course/125_H/1491476_0221_6.jpg,"287,333,527,543,560,687,688,717,742,839,917,925,962,1179,1286,1292,1666,1688,1745,1770,1807,1918,1953,2047,2055,2060,2061,2118,2233,2260,2262,2292,2350,2362,2373,2429,2439,2457,2469,2484,2539,2544,2570,2619,2630,2659,2665,2705","17,65,209"
48,Digital Marketing,Udemy,https://udemy-images.udemy.com/course/125_H/671544_9613_5.jpg,"292,371,519,520,595,762,895,928,997,1216,1265,1377,1527,1533,1554,1568,1619,1659,1676,1779,1821,1849,2272,2281,2371,2400,2480,2481,2509,2515,2572,2670,2684,2751","13,14,60,65,118,130,133,175,191"
49,Game Development,Udemy,https://udemy-images.udemy.com/course/125_H/1344820_665e_2.jpg,"313,356,400,405,412,424,431,436,439,475,491,505,545,581,594,625,659,703,707,713,775,825,853,970,981,988,1000,1024,1060,1105,1107,1116,1156,1209,1302,1308,1348,1467,1511,1536,1537,1596,1604,1730,1742,1782,1792,1865,1973,2014,2052,2104,2129,2135,2327,2361,2471,2498,2534,2660,2725","70,76,105,110,123,127,135,147,148,155,167,170,179,201,206,209"
50,User Experience,Udemy,https://udemy-images.udemy.com/course/125_H/1409030_6722_3.jpg,"332,398,406,432,512,823,870,1310,1547,1566,1760,2034,2038,2219","2,12,16,24,25,26,27,29,31,38,39,45,46,55,56,57,58,63,66,67,69,73,79,81,82,88,92,97,98,99,102,103,104,107,109,113,116,119,123,127,131,133,134,136,140,141,149,151,153,158,159,163,165,167,171,174,178,179,182,186,195,197,200,202"
51,Creativity,Udemy,https://udemy-images.udemy.com/course/125_H/1363720_2b35_3.jpg,"335,515,731,1322,1353,1505,1520,1784,1791,1828,1988,2161,2212,2230,2406,2513,2766","29,69,87,100,105,107,112,114,123,127,130,131,136,145,151,153,155,163,167,174,190,192,193,207,209,210"
52,Video Design,Udemy,https://udemy-images.udemy.com/course/125_H/1514906_41d7.jpg,"351,386,592,683,948,1266,1555,1618,1694,1743,1764,1970,2044,2142,2177,2191,2241,2379,2421,2487","77,174"
53,Leadership,Udemy,https://udemy-images.udemy.com/course/125_H/1451334_fdb4.jpg,"354,752,1010,1040,1109,1140,1296,1423,2015,2279,2297,2437,2536","2,39,47,55,63,67,68,75,85,86,93,103,107,111,138,143,145,148,151,152,169,174,180,182,210"
54,Influence,Udemy,https://udemy-images.udemy.com/course/125_H/1482952_2e49.jpg,"377,416,434,551,891,1275,1344,1438,1600,1668,1755,1927,2072,2163,2382","2,4,10,14,27,28,58,65,143,148,167,175,192,203"
55,Game Design,Udemy,https://udemy-images.udemy.com/course/125_H/1467300_0681.jpg,"385,447,452,636,776,871,882,883,885,899,939,978,1108,1350,1426,1507,1656,1731,2302,2503","76,105,123,127,148,170,179,206,209"
56,Management,Udemy,https://udemy-images.udemy.com/course/125_H/1476730_2e1f.jpg,"389,843,902,980,1028,1032,1094,1123,1226,1272,1343,1401,1430,1512,1767,1776,1832,2068,2111,2126,2182,2482,2548,2556,2724","0,6,8,9,11,13,14,21,23,24,28,30,31,35,36,41,43,49,52,53,55,57,63,64,66,67,68,71,72,73,74,77,78,80,81,82,84,85,88,90,91,93,94,97,98,99,100,101,103,107,108,109,110,111,112,113,114,115,117,119,120,124,125,126,128,130,131,132,133,134,135,136,137,138,143,145,150,151,152,153,154,155,156,159,160,161,166,167,169,170,172,174,177,178,181,182,183,184,187,191,193,194,195,196,197,198,207,208,210"
57,Marketing Fundamentals,Udemy,https://udemy-images.udemy.com/course/125_H/46538_aa04_9.jpg,"414,945,1361,1919,2768","65,68,172"
58,Graphic Design,Udemy,https://udemy-images.udemy.com/course/125_H/1514258_3768.jpg,"433,461,492,523,600,733,791,846,893,907,959,1004,1022,1097,1139,1204,1280,1312,1354,1357,1382,1394,1395,1456,1567,1582,1598,1696,1705,1707,1766,1769,1888,2032,2035,2165,2180,2269,2305,2311,2459,2502,2562,2584,2688,2756,2767","10,21,22,23,35,36,45,51,61,107"
59,Music Fundamentals,Udemy,https://udemy-images.udemy.com/course/125_H/1149658_87eb_3.jpg,"446,526,533,678,1399,2095,2125,2244,2408",
60,Motivation,Udemy,https://udemy-images.udemy.com/course/125_H/508338_20ba_7.jpg,"448,1570","0,4,6,8,65,69,71,81,83,90,93,99,100,104,108,115,117,121,128,132,133,138,139,141,146,150,153,156,163,165,167,170,177,179,180,181,189,202,210"
61,3D & Animation,Udemy,https://udemy-images.udemy.com/course/125_H/1433430_637f_2.jpg,"451,580,583,621,714,782,900,984,1005,1118,1129,1163,1264,1304,1321,1364,1559,1633,1645,1678,1800,1843,1853,1860,1882,1922,1985,2076,2080,2087,2178,2193,2221,2274,2432,2441,2490,2505,2533,2758","17,61,74,105,123"
62,Content Marketing,Udemy,https://udemy-images.udemy.com/course/125_H/325666_fe45_2.jpg,"453,740,1047,1663,1857,2040,2124,2134","8,118,130,133"
63,Productivity,Udemy,https://udemy-images.udemy.com/course/125_H/1537162_b410_2.jpg,"467,540,604,822,1100,1457,1692,1736,1738,1822,1904,1966,1997,2010,2197,2342,2467,2605,2753","63,64,65,66,67,68,69,72,73,75,77,79,81,82,83,84,85,86,88,89,91,95,96,97,98,100,101,102,103,105,106,107,109,110,111,113,114,115,116,118,120,121,122,123,124,125,127,128,131,132,135,136,140,141,143,146,147,148,149,151,152,153,154,155,156,157,159,160,162,163,165,166,167,168,169,173,175,176,178,182,183,184,185,186,187,188,189,191,192,193,194,195,197,198,199,200,202,203,204,205,207,208,210"
64,Career Development,Udemy,https://udemy-images.udemy.com/course/125_H/860770_628c_3.jpg,"468,556,1252,1497,1840,1899,1996,2033,2084,2085,2150,2225,2227,2253,2453,2547,2674,2678","65,79,83,101,102,108,118,119,136,137,145,148,154,164,178,186,189,207,210"
65,Photography Fundamentals,Udemy,https://udemy-images.udemy.com/course/125_H/1424894_e81c_6.jpg,"477,1062,1088,1134,1159,1571,2190,2476,2631",
66,Religion & Spirituality,Udemy,https://udemy-images.udemy.com/course/125_H/1496440_be26_2.jpg,"498,564,859,1127,1417,1485,1639,2289,2634","0,6,8,9,12,22,24,26,34,46,47,55,57,98,107,109,110,116,118,131,143,165,205,210"
67,Design Tools,Udemy,https://udemy-images.udemy.com/course/125_H/1256448_2a23_5.jpg,"499,607,725,785,788,794,889,941,1007,1113,1126,1137,1236,1365,1407,1477,1495,1524,1651,1874,1940,1962,1984,2030,2058,2093,2215,2228,2294,2316,2396,2419,2468,2535,2580,2602,2638,2693","25,45,54,60,65,72,73,75,77,79,81,83,85,89,97,99,103,105,107,108,111,112,115,116,119,124,125,128,130,141,142,143,146,149,151,152,156,159,160,165,169,174,183,185,186,187,191,192,194,195,197,198,199,200,206,207,209,210"
68,Photography Tools,Udemy,https://udemy-images.udemy.com/course/125_H/1317814_4e32_4.jpg,"508,931,1162,1574,1624,1649,1701,1977,2081,2158,2162",
69,Affiliate Marketing,Udemy,https://udemy-images.udemy.com/course/125_H/1536686_2d07.jpg,"511,990,1623,2041,2364,2563,2754,2762,2771",118
70,Branding,Udemy,https://udemy-images.udemy.com/course/125_H/777754_4eaf.jpg,"522,1416,2345,2537","9,10,18,22,23,25,61,65,103,110,118,128,130,133,141,151,174,188,200"
71,Mental Health,Udemy,https://udemy-images.udemy.com/course/125_H/971482_a548.jpg,"542,1009,1056,1242,1408,1762,1991,2090,2483,2564,2620","90,117,177"
72,Media,Udemy,https://udemy-images.udemy.com/course/125_H/1439660_abdf_3.jpg,"553,1249,1774,1827,1981,2036,2475,2569,2648","4,8,13,17,22,23,27,31,38,42,45,50,51,55,63,65,68,101,105,170,182,200,208,209"
73,Search Engine Optimization,Udemy,https://udemy-images.udemy.com/course/125_H/1483244_55a0.jpg,"558,559,644,875,991,1049,1141,1389,1391,1420,1592,1670,1747,1814,1875,1925,1942,1978,2024,2110,2123,2300,2369,2397,2410,2466,2589,2643,2653,2720,2747",68
74,Instruments,Udemy,https://udemy-images.udemy.com/course/125_H/1359058_2d04_11.jpg,"562,577,622,645,680,749,857,886,944,1002,1029,1093,1240,1282,1478,1513,1629,1793,1794,1854,2056,2270,2390,2423,2447,2485,2677,2722",154
75,Mobile Photography,Udemy,https://udemy-images.udemy.com/course/125_H/1392122_6c4c_3.jpg,566,
76,Production,Udemy,https://udemy-images.udemy.com/course/125_H/953366_6d67.jpg,"587,689,830,963,1411,1494,1711,1786,2113","3,10,16,22,23,24,30,36,41,47,48,51,56,59,63,64,65,66,67,68,69,72,73,75,77,79,81,82,83,84,85,86,88,89,91,95,96,97,98,100,101,102,103,105,106,107,109,110,111,113,114,115,116,118,120,121,122,123,124,125,127,128,131,132,135,136,140,141,143,146,147,148,149,151,152,153,154,155,156,157,159,160,162,163,165,166,167,168,169,173,175,176,178,182,183,184,185,186,187,188,189,191,192,193,194,195,197,198,199,200,202,203,204,205,207,208,210"
77,Arts & Crafts,Udemy,https://udemy-images.udemy.com/course/125_H/1311438_f013.jpg,"597,741,967,1087,1152,1260,1314,1323,1501,1506,1683,1687,1744,1948,2717","10,12,23,37,46,51,61,74,76,85,91,123,127,152,179,206,209,210"
78,Sales,Udemy,https://udemy-images.udemy.com/course/125_H/1504268_d83f_13.jpg,"617,702,767,904,1061,1217,1482,1718,2054,2106,2133,2189,2243,2394,2550,2640","0,3,6,7,13,21,22,23,25,48,50,54,63,80,84,85,94,115,142,145,156,161,166,182,185,200,202"
79,Strategy,Udemy,https://udemy-images.udemy.com/course/125_H/1319136_5171_14.jpg,"637,684,1259,1307,1431,1787,1851,2121,2214,2493","2,6,9,14,16,26,28,36,39,46,50,75,85,92,102,105,112,129,135,146,149,151,152,153,155,178,184,185,187,203"
80,Self Esteem,Udemy,https://udemy-images.udemy.com/course/125_H/1529150_def5.jpg,"640,1167,1434,1635,1655,1702,2005,2207,2251,2348,2422",
81,Music Software,Udemy,https://udemy-images.udemy.com/course/125_H/1488260_3e0f.jpg,"665,797,1366",
82,Growth Hacking,Udemy,https://udemy-images.udemy.com/course/125_H/1422498_9d35_4.jpg,"666,1218,1316,1577,1602,2020,2226,2360",
83,Vocal,Udemy,https://udemy-images.udemy.com/course/125_H/70030_c4e7_8.jpg,"667,715,1710,1913,2448",
84,Hardware,Udemy,https://udemy-images.udemy.com/course/125_H/811172_7721_4.jpg,"676,708,783,798,851,868,971,1039,1043,1145,1188,1443,1449,1451,1597,1682,1717,1868,1869,2245,2301,2332,2393,2625","27,45,53,80,85,132,159,170,187"
85,Pet Care & Training,Udemy,https://udemy-images.udemy.com/course/125_H/1500726_379d.jpg,"681,802,1590,1952,2011,2019,2153,2337",
86,English,Udemy,https://udemy-images.udemy.com/course/125_H/909542_eca2_2.jpg,"682,760,872,1031,1063,1231,1525,1772,1780,1878,1920,1963,1998,2139,2203,2333,2436,2461,2462,2598","1,15,17,28,64,69,71,72,74,77,78,81,90,99,100,102,104,105,108,117,121,122,130,132,133,137,139,141,145,146,151,153,155,158,175,177,178,179,183,184,185,187,189,204,206,207,209"
87,Nutrition,Udemy,https://udemy-images.udemy.com/course/125_H/1504862_475f_2.jpg,"724,790,2102,2594","7,48"
88,Real Estate,Udemy,https://udemy-images.udemy.com/course/125_H/1432010_aea0_3.jpg,"728,1329,1450,1615,1620,1872,1912,2328,2403,2744",
89,Test Taking Skills,Udemy,https://udemy-images.udemy.com/course/125_H/1494160_26fb.jpg,"754,1233,2392,2433","64,81,92,99,102,107,110,113,115,123,127,128,130,134,137,143,151,152,154,155,156,165,178,179,202,206"
90,Analytics & Automation,Udemy,https://udemy-images.udemy.com/course/125_H/1476132_a33a_3.jpg,"758,1065,1115,1706,2213,2291,2329","8,13,58,68,79,99,100,103,107,111,112,113,136,139,142,143,145,150,154,164,178,179,181,186,195,203,205,206,208,210"
91,Self Defense,Udemy,https://udemy-images.udemy.com/course/125_H/208726_966c_4.jpg,"799,1625",
92,Digital Photography,Udemy,https://udemy-images.udemy.com/course/125_H/1229874_9552_2.jpg,"804,887,903,1293,1336,1349,1383,1750,1781,2258,2365,2571,2593",
93,Yoga,Udemy,https://udemy-images.udemy.com/course/125_H/1323560_a8b1_5.jpg,"820,1487,1823,1935,2380,2479,2499","110,114,136"
94,Japanese,Udemy,https://udemy-images.udemy.com/course/125_H/1374868_9ba1.jpg,"831,874,938,1045,1125,1333,1638,2676",102
95,Oracle,Udemy,https://udemy-images.udemy.com/course/125_H/128786_83a3_10.jpg,"836,1341,2231","114,138,143,145"
96,Spanish,Udemy,https://udemy-images.udemy.com/course/125_H/1325716_79de_10.jpg,"852,966,2267,2372,2703",130
97,German,Udemy,https://udemy-images.udemy.com/course/125_H/1519712_71ef_5.jpg,"866,1192,2672","71,78,90,100,122,130,132,133,158,177"
98,Teaching Tools,Udemy,https://udemy-images.udemy.com/course/125_H/1061754_4e74_2.jpg,"877,958,2092,2224,2637,2662","77,110,115,156,165"
99,Chinese,Udemy,https://udemy-images.udemy.com/course/125_H/292628_c1c6_6.jpg,894,"77,120,173"
100,Operations,Udemy,https://udemy-images.udemy.com/course/125_H/538664_011a_3.jpg,"901,1274,1405,1475,1842,2164,2728","6,27,28,43,48,52,64,70,77,85,91,98,103,107,110,111,115,120,124,128,132,133,137,143,147,148,151,152,153,155,156,158,160,164,165,167,170,173,175,187,189,194,199,205,207,208"
101,Architectural Design,Udemy,https://udemy-images.udemy.com/course/125_H/1548788_7d71.jpg,"905,933,2736","65,68,72,88,90,98,103,105,106,113,117,119,121,123,128,132,136,139,141,143,146,149,151,152,159,160,162,168,169,176,177,180,183,184,187,194,202,205,209"
102,Italian,Udemy,https://udemy-images.udemy.com/course/125_H/1280746_bc5d_2.jpg,"919,1685",
103,E-Commerce,Udemy,https://udemy-images.udemy.com/course/125_H/1448580_a618_8.jpg,"943,1504,1611,1871,1916,2089,2276,2321,2445,2450","14,43,52,56,103,115,128,136,151,156,159,171,207"
104,Music Techniques,Udemy,https://udemy-images.udemy.com/course/125_H/355662_2977_14.jpg,"949,1324,2173",
105,Parenting & Relationships,Udemy,https://udemy-images.udemy.com/course/125_H/1500072_7088_6.jpg,"956,1975,2130,2152,2514,2521,2601,2689","75,76,88,90,100,117,123,127,177,179,204,206"
106,Fitness,Udemy,https://udemy-images.udemy.com/course/125_H/1514112_437f.jpg,"982,1166,1728,1930,2407,2491,2709","7,38,48,62,66,82,92,106,108,109,115,124,126,133,134,135,151,156,160,163,167,168,179,194,197"
107,Humanities,Udemy,https://udemy-images.udemy.com/course/125_H/1343784_802f.jpg,"1008,2179,2381","95,108,118,170,175,208"
108,Other Programming,Udemy,https://udemy-images.udemy.com/course/125_H/1474682_cc04_2.jpg,"1055,2172,2263","64,68,69,70,71,73,75,78,79,83,87,90,93,95,97,100,101,102,104,105,106,107,109,110,111,112,114,115,117,123,127,128,133,134,135,136,138,139,140,143,147,148,152,153,154,155,156,159,165,167,168,169,170,172,177,178,181,182,185,186,189,190,195,202,203,205,206,207,209,210"
109,Happiness,Udemy,https://udemy-images.udemy.com/course/125_H/1529584_63f2_2.jpg,"1073,2198,2446","70,76,103,108,147,204"
110,Landscape,Udemy,https://udemy-images.udemy.com/course/125_H/1346912_5fb5.jpg,"1078,1212,1327,2524","46,106,124,140,145,149,160,162,168,194,210"
111,Advertising,Udemy,https://udemy-images.udemy.com/course/125_H/1154002_bc2b.jpg,"1120,1181,1756,1810,1959,2731","13,22,87,188,190,206"
112,General Health,Udemy,https://udemy-images.udemy.com/course/125_H/1409860_3f42_2.jpg,"1142,1234,1493,1971,2694","98,204"
113,Food & Beverage,Udemy,https://udemy-images.udemy.com/course/125_H/1381966_dd74_2.jpg,"1148,1905,2438","10,22,28,31,34,42,71,98,150"
114,Wedding Photography,Udemy,https://udemy-images.udemy.com/course/125_H/557386_009f_3.jpg,1161,
115,Interior Design,Udemy,https://udemy-images.udemy.com/course/125_H/1038728_bd96.jpg,"1196,2146,2760",
116,Gaming,Udemy,https://udemy-images.udemy.com/course/125_H/1552290_68fa.jpg,1214,"70,76,105,110,123,127,135,144,147,148,155,167,170,179,201,206,209"
117,Russian,Udemy,https://udemy-images.udemy.com/course/125_H/1440632_bbdc_3.jpg,1220,
118,Industry,Udemy,https://udemy-images.udemy.com/course/125_H/1445812_6155.jpg,"1255,1915","4,7,20,26,38,41,47,48,49,53,54,55,56,57,58,59,62,63,65,67,69,70,75,79,83,85,96,101,103,104,105,106,107,108,112,114,121,129,131,140,142,143,146,147,149,151,152,154,159,162,164,168,174,176,179,182,186,191,200,208"
119,Grad Entry Exam,Udemy,https://udemy-images.udemy.com/course/125_H/1434232_fbe0_3.jpg,"1285,2558",
120,SAP,Udemy,https://udemy-images.udemy.com/course/125_H/1364354_8a4e_4.jpg,"1291,1374,1914,1999,2309,2378,2632","11,41,59,84,166,196"
121,Video & Mobile Marketing,Udemy,https://udemy-images.udemy.com/course/125_H/1283168_2b07_6.jpg,"1326,1815,2049,2147,2412,2627","0,13,22,23,28,77,174"
122,Product Marketing,Udemy,https://udemy-images.udemy.com/course/125_H/1243914_58f5_4.jpg,1360,"65,68,72,73,79,81,85,103,107,111,114,115,118,125,132,143,147,151,156,175,183,191,205,208"
123,Black & White,Udemy,https://udemy-images.udemy.com/course/125_H/21460_e3d3_6.jpg,"1400,1578,2091","3,30,59,108,170"
124,Design Thinking,Udemy,https://udemy-images.udemy.com/course/125_H/1004232_d8cf_3.jpg,"1419,1435,1444,1455,2031","2,27,65,67,69,72,76,103,105,107,108,113,118,123,127,134,136,139,148,153,178,179,183,185,191,206,209"
125,Personal Brand Building,Udemy,https://udemy-images.udemy.com/course/125_H/910996_89bd_4.jpg,"1480,1936","65,118,128,130"
126,Portraits,Udemy,https://udemy-images.udemy.com/course/125_H/1506292_51a7.jpg,"1481,1758,1911,2314,2615,2691",
127,Instructional Design,Udemy,https://udemy-images.udemy.com/course/125_H/15794_4fcf_4.jpg,"1716,2086","68,151,165,174,195"
128,Fashion,Udemy,https://udemy-images.udemy.com/course/125_H/645290_7030_3.jpg,1835,42
129,Commercial Photography,Udemy,https://udemy-images.udemy.com/course/125_H/976146_e7f9_3.jpg,"1884,2194,2552",
130,Stress Management,Udemy,https://udemy-images.udemy.com/course/125_H/1553136_4481_3.jpg,"2023,2434",159
131,Travel,Udemy,https://udemy-images.udemy.com/course/125_H/361978_1e2b_4.jpg,"2065,2435,2732","2,22,56,75,85,104,107,109,120,130,135,143,167,170,173,178,184,204,205"
132,Intuit,Udemy,https://udemy-images.udemy.com/course/125_H/128082_5026_6.jpg,2067,"14,26,33,76,107,123,127,179,200,206"
133,Human Resources,Udemy,https://udemy-images.udemy.com/course/125_H/125808_615a_9.jpg,"2098,2577","95,170,208"
134,French,Udemy,https://udemy-images.udemy.com/course/125_H/582720_baeb_3.jpg,2160,"81,99,137,187"
135,Google,Udemy,https://udemy-images.udemy.com/course/125_H/49779_0d68_5.jpg,2374,"9,13,18,40,43,52,81,86,90,92,98,163,167,177,191,204"
136,Dieting,Udemy,https://udemy-images.udemy.com/course/125_H/1399440_135f_5.jpg,"2383,2752",
137,Travel Photography,Udemy,https://udemy-images.udemy.com/course/125_H/69520_2f6d_6.jpg,2430,
138,Apple,Udemy,https://udemy-images.udemy.com/course/125_H/1319768_f30c_3.jpg,2718,"13,49,101,130,154,157,159,163,167,184,205"
139,Salesforce,Udemy,https://udemy-images.udemy.com/course/125_H/1409440_7194_2.jpg,2759,"3,13,50,63,182,200"
